Data File,Model,EB,CTX,PDT,Success,Error Message,csv_size,bin_size,compressed_size,sz3_size,zstd_size,is_accurate,compression_time_sz3,compression_time_zstd,compression_time_debug,decompression_time,zstd_error_size,df_entropy,df_min,df_max,df_mean,df_variance,error_entropy,error_min,error_max,error_mean,error_variance,mean_absolute_error,mean_squared_error,RRMSE,RMSE,RMAE
smart,0,0.1,256,1,True,,267583,103676,1481,773,995,skipped,0.06989431381225586,0.005006551742553711,9.557251930236816,0,545,9.584962500721158,0.051360834,4.271576,1.0785027,0.32828236,2.7849627081632775,-1.9,1.9,0.0703125,0.14297281,1.0082377,1.2500491,0.3566049,0.12716706,0.50063646
smart,0,0.01,256,1,True,,267583,103676,1938,2343,1933,skipped,0.0511474609375,0.0009546279907226562,9.340732336044312,0,1214,9.584962500721158,0.051360834,4.271576,1.0785027,0.32828236,5.912308405458736,-1.93,1.97,0.073437504,0.14056422,1.0050652,1.2378362,0.35423517,0.12548256,0.48624983
