Dataset Name,Range,Standard Deviation
LOOP_SEATTLE.bin,64.13157,6.426813
elecdemand.bin,6.4870586,0.8777551
elf.bin,1050.2407,186.69386
sceaux.bin,6.436533,0.88782394
smart.bin,9.579384,0.6917751
subseasonal_precip.bin,325.69043,47.81287
traffic_hourly.bin,0.4747,0.06271147
