Data File,Model,EB,CTX,PDT,Success,Error Message,csv_size,bin_size,compressed_size,sz3_size,zstd_size,is_accurate,compression_time_sz3,compression_time_zstd,compression_time_debug,decompression_time,zstd_error_size,df_entropy,df_min,df_max,df_mean,df_variance,error_entropy,error_min,error_max,error_mean,error_variance,mean_absolute_error,mean_squared_error,RRMSE,RMSE,RMAE
smart,0,0.0001,16,1,True,,267583,103676,45927,92776,72227,,0.06693243980407715,0.05366969108581543,270.80129528045654,0,63937,14.656893807491564,0.0008,9.580184,0.80956334,0.478717,12.30042007926191,-7.2411,8.5829,0.0518023,0.23855649,0.75776106,0.9941042,0.6066997,0.36808452,0.5761226
smart,0,0.0001,16,2,True,,267583,103676,46529,92776,72227,,0.06929945945739746,0.03182864189147949,208.00758600234985,0,65401,14.656893807491564,0.0008,9.580184,0.80956334,0.478717,12.488656071635715,-8.2797,8.6437,0.063523516,0.3173988,0.74603987,0.97016406,0.70031774,0.4904449,0.6251243
